epoch,steps,cosine-Accuracy@1,cosine-Accuracy@3,cosine-Accuracy@5,cosine-Accuracy@10,cosine-Precision@1,cosine-Recall@1,cosine-Precision@3,cosine-Recall@3,cosine-Precision@5,cosine-Recall@5,cosine-Precision@10,cosine-Recall@10,cosine-MRR@10,cosine-NDCG@10,cosine-MAP@100
1.0,143,0.527972027972028,0.8094405594405595,0.9073426573426573,0.972027972027972,0.527972027972028,0.527972027972028,0.26981351981351975,0.8094405594405595,0.18146853146853145,0.9073426573426573,0.09720279720279719,0.972027972027972,0.6837974525474523,0.7544697840574248,0.6853975041488674
2.0,286,0.5262237762237763,0.8234265734265734,0.9143356643356644,0.986013986013986,0.5262237762237763,0.5262237762237763,0.2744755244755244,0.8234265734265734,0.18286713286713283,0.9143356643356644,0.09860139860139859,0.986013986013986,0.6902403152403153,0.7627600877595343,0.6908851722599356
3.0,429,0.5262237762237763,0.8234265734265734,0.9213286713286714,0.986013986013986,0.5262237762237763,0.5262237762237763,0.2744755244755245,0.8234265734265734,0.18426573426573423,0.9213286713286714,0.09860139860139859,0.986013986013986,0.6909895659895658,0.7635026956109267,0.6916530167165832
